Order_ID,Customer_ID,Order_Date,Category,Price,Discount_Percent,Delivery_Days,Customer_Rating,Region,Returned
1,1052,23-06-2025,Books,645.52,20,4,1.9,North,No
2,1258,04-06-2025,Sports,2167.42,0,2,1.9,South,Yes
3,1142,02-01-2025,Books,3284.43,40,4,2.8,South,No
4,1172,27-01-2025,Books,2170.81,20,3,1.9,North,Yes
5,1235,18-05-2025,Home,4252.72,20,13,1.2,West,Yes
6,1035,12-01-2025,Electronics,2805,30,10,1.8,East,No
7,1186,11-02-2025,Electronics,4291.06,5,7,2.1,South,No
8,1273,04-03-2025,Books,1408.19,5,10,3.5,West,No
9,1028,28-02-2025,Home,4948.66,15,11,2.3,East,No
10,1161,24-02-2025,Beauty,1411.93,15,15,4.8,West,No
11,1287,18-05-2025,Books,2348.37,20,3,2,West,No
12,1046,13-01-2025,Sports,2057.06,15,3,3,South,No
13,1195,02-06-2025,Books,883.91,40,10,1.3,East,No
14,1274,10-03-2025,Sports,4317.82,0,11,3.9,East,No
15,1134,09-05-2025,Electronics,1538.15,10,8,1,North,No
16,1082,19-05-2025,Books,1562.38,15,3,2.5,North,No
17,1157,03-03-2025,Sports,1688.36,0,2,4.7,North,Yes
18,1064,02-02-2025,Electronics,3686.35,5,13,3.1,South,No
19,1102,21-03-2025,Home,2685.6,40,4,4.7,East,No
20,1032,28-03-2025,Beauty,4508.11,50,2,2,South,Yes
21,1117,18-01-2025,Sports,1179.07,5,12,3.5,East,No
22,1276,03-02-2025,Electronics,2619.36,20,11,2.9,West,No
23,1220,01-04-2025,Clothing,3944.64,40,4,1.4,West,No
24,1173,28-01-2025,Books,365.44,5,1,2.6,South,No
25,1127,20-01-2025,Sports,2298.21,40,3,2.1,North,No
26,1121,12-02-2025,Electronics,3295.51,0,2,4.7,West,No
27,1199,09-03-2025,Clothing,4336.79,0,3,2.5,West,No
28,1111,15-01-2025,Home,2172.74,50,3,1.8,North,No
29,1271,10-02-2025,Books,1636.66,0,10,2.9,North,Yes
30,1206,31-01-2025,Clothing,435.75,5,11,4.4,South,No
31,1289,14-05-2025,Sports,3013.14,5,7,3.6,East,No
32,1067,21-06-2025,Clothing,3381.66,30,4,2.1,West,No
33,1288,26-01-2025,Home,4652.19,5,1,2.8,South,Yes
34,1125,05-04-2025,Sports,1399.48,30,15,1.3,West,Yes
35,1153,19-06-2025,Sports,3547.35,0,11,4.3,South,Yes
36,1139,14-03-2025,Home,665.6,5,12,3.2,East,No
37,1026,24-01-2025,Clothing,3468.74,20,9,3,East,No
38,1082,24-04-2025,Electronics,117.37,10,11,4.9,West,No
39,1076,20-05-2025,Sports,147.38,5,15,3.8,East,Yes
40,1186,11-01-2025,Sports,2807.37,40,3,1.2,South,No
41,1208,08-06-2025,Books,1322.7,5,6,4.1,South,No
42,1091,27-03-2025,Clothing,4883.41,10,15,2.6,West,No
43,1055,08-04-2025,Books,4333.91,15,5,1.6,West,No
44,1116,27-02-2025,Clothing,1077.91,50,6,2.2,South,Yes
45,1260,13-04-2025,Beauty,1708.48,5,13,2.1,East,No
46,1135,10-01-2025,Electronics,665.17,20,3,3.3,West,No
47,1261,30-01-2025,Home,3669.87,30,7,3.4,South,No
48,1275,25-06-2025,Home,317.49,40,1,3.1,South,No
49,1063,18-03-2025,Home,2213.36,30,10,2.3,West,No
50,1215,20-06-2025,Home,2071.76,20,9,1.5,South,No
51,1155,15-03-2025,Sports,2888.62,40,9,4.3,East,Yes
52,1086,18-06-2025,Beauty,2264.75,15,9,2.9,East,Yes
53,1101,07-02-2025,Electronics,4110.27,15,11,2.2,South,Yes
54,1294,19-02-2025,Beauty,3095.24,5,8,2.7,West,No
55,1054,19-04-2025,Beauty,2058.3,10,11,3.8,West,No
56,1237,20-06-2025,Electronics,2831.29,5,8,1.5,East,No
57,1228,10-02-2025,Beauty,3102,40,14,4.6,West,No
58,1266,05-05-2025,Beauty,1370.04,15,14,3.6,East,No
59,1163,19-05-2025,Beauty,479.67,20,4,2.1,South,Yes
60,1212,15-04-2025,Clothing,1976.87,10,12,1.9,West,No
61,1299,28-06-2025,Beauty,405.1,40,7,4.6,West,Yes
62,1214,18-05-2025,Beauty,128.89,30,5,4,South,No
63,1172,21-06-2025,Beauty,1175.17,40,8,1.1,West,No
64,1273,07-01-2025,Books,908.72,50,15,1.5,North,No
65,1025,08-03-2025,Electronics,3249.47,10,14,2.8,South,No
66,1215,06-03-2025,Beauty,1701.54,40,5,4,West,No
67,1035,16-06-2025,Electronics,3770.22,0,6,1.9,North,Yes
68,1064,02-05-2025,Clothing,1076.87,0,10,1.6,South,No
69,1058,11-02-2025,Beauty,3527.38,30,3,3.4,North,No
70,1192,12-04-2025,Sports,225.82,20,10,3.7,South,No
71,1154,25-06-2025,Electronics,3001.28,15,2,3.8,North,No
72,1189,18-01-2025,Sports,3934.91,30,9,2.7,East,No
73,1185,12-06-2025,Electronics,4262.92,50,2,2.7,West,No
74,1138,07-06-2025,Books,849.66,10,12,3.1,West,No
75,1044,13-03-2025,Beauty,2234.32,20,6,4.4,South,No
76,1166,16-02-2025,Beauty,2892.26,40,6,1.1,East,No
77,1097,22-01-2025,Home,1767.66,20,9,1,West,No
78,1251,25-04-2025,Beauty,2820.36,15,12,2.9,North,No
79,1188,02-05-2025,Home,1185.82,15,5,3.7,East,No
80,1138,20-03-2025,Beauty,4983.49,30,6,3.8,North,No
81,1094,19-02-2025,Books,1043.66,5,12,3.1,West,No
82,1151,28-02-2025,Home,3650.47,20,2,4.3,East,No
83,1027,22-05-2025,Electronics,3569.29,10,5,1.2,South,No
84,1293,14-03-2025,Books,4355.46,50,2,4.5,West,No
85,1244,30-01-2025,Home,1003.38,0,5,4.8,West,No
86,1288,19-03-2025,Beauty,463,0,3,1.6,South,Yes
87,1115,14-05-2025,Electronics,2834.56,40,10,3.4,West,No
88,1030,06-06-2025,Home,4314.82,40,5,3.3,North,No
89,1122,14-02-2025,Clothing,3165.02,20,11,1.3,South,No
90,1147,30-06-2025,Electronics,2101.74,50,5,1.1,West,No
91,1101,19-04-2025,Electronics,3468.19,20,13,4.2,South,Yes
92,1030,12-02-2025,Books,830.05,20,14,1.6,East,No
93,1139,09-05-2025,Beauty,709.33,20,12,2.6,West,No
94,1128,07-01-2025,Electronics,3030.38,40,12,2.3,North,Yes
95,1240,13-05-2025,Books,4124.96,0,13,4,East,No
96,1046,01-05-2025,Clothing,4985.03,40,11,4.3,East,No
97,1253,15-03-2025,Home,3383.65,10,6,2.6,West,No
98,1059,14-04-2025,Sports,279.82,5,6,2,North,No
99,1265,03-04-2025,Books,4359.9,50,7,1.2,West,No
100,1067,15-03-2025,Books,2266,0,4,2.1,West,No
101,1282,04-01-2025,Electronics,241.46,15,12,1.6,North,No
102,1078,08-05-2025,Clothing,4962.06,5,8,4.8,East,No
103,1241,04-03-2025,Sports,3556.52,40,14,2.9,South,No
104,1212,29-03-2025,Beauty,1033.99,10,14,1.3,East,No
105,1250,08-02-2025,Electronics,1485.91,20,14,3.3,West,No
106,1096,28-06-2025,Home,1728.96,40,8,4.7,West,No
107,1242,30-06-2025,Clothing,4294.46,40,1,2.3,West,No
108,1064,09-05-2025,Beauty,4943.23,10,8,4.9,East,No
109,1233,04-01-2025,Electronics,4383.53,50,2,3.1,West,No
110,1135,28-03-2025,Books,4852.79,5,8,4.1,West,No
111,1273,08-04-2025,Books,493.55,30,14,3.7,West,No
112,1147,28-02-2025,Sports,275.91,5,4,3.5,West,No
113,1153,08-01-2025,Electronics,3825.81,5,8,1.7,North,Yes
114,1210,25-05-2025,Home,1856.47,40,3,2,South,No
115,1254,30-05-2025,Clothing,957.84,40,10,3.7,West,Yes
116,1238,15-03-2025,Books,1344.49,20,11,1,South,No
117,1217,26-06-2025,Electronics,2264.48,30,10,2.2,East,Yes
118,1292,02-04-2025,Clothing,4996.93,50,2,1.9,East,No
119,1025,05-06-2025,Electronics,4891.93,40,5,1,East,No
120,1128,23-06-2025,Clothing,3074.62,30,4,3.5,South,No
121,1017,29-05-2025,Books,576.1,0,5,4.2,South,No
122,1102,03-02-2025,Electronics,4557.18,30,12,2.7,East,No
123,1246,17-03-2025,Sports,2558.79,20,14,1.7,East,No
124,1115,23-06-2025,Electronics,2394.82,5,3,4,West,No
125,1063,27-04-2025,Sports,1892.3,40,1,2.1,East,No
126,1241,07-01-2025,Sports,1967.02,30,2,3.7,East,No
127,1154,16-06-2025,Sports,1184.7,5,11,4.3,South,No
128,1120,18-05-2025,Electronics,4736.68,20,8,1.5,West,Yes
129,1079,17-04-2025,Home,3385.38,40,10,4,West,No
130,1111,24-04-2025,Sports,2099.77,20,1,3.8,South,No
131,1183,16-01-2025,Home,586.84,30,9,4.6,South,No
132,1010,13-01-2025,Electronics,4750.15,50,2,3.7,South,No
133,1283,23-02-2025,Clothing,3956.19,15,2,4.3,South,No
134,1074,03-02-2025,Home,3894.41,0,5,4.4,South,No
135,1121,31-05-2025,Electronics,3339.18,0,3,1.1,South,No
136,1032,02-05-2025,Home,356.76,40,9,1.5,East,No
137,1022,18-06-2025,Sports,3008.96,50,9,1.9,West,No
138,1218,25-06-2025,Books,4823.73,0,8,4.4,West,Yes
139,1064,12-03-2025,Electronics,4506.41,30,10,1.6,East,No
140,1220,26-01-2025,Beauty,4973.68,20,8,3,North,No
141,1116,16-04-2025,Books,3289.49,15,7,2.8,West,No
142,1130,06-04-2025,Beauty,2138.35,5,6,2.7,West,No
143,1190,03-02-2025,Electronics,547,5,2,2.7,East,No
144,1216,14-01-2025,Books,698.93,30,14,3.7,East,No
145,1114,28-01-2025,Home,607.64,15,3,3.6,East,No
146,1287,09-06-2025,Electronics,3836.77,15,13,2.7,North,No
147,1158,28-03-2025,Sports,4652.51,20,1,1.7,South,No
148,1015,24-01-2025,Clothing,2874.97,40,2,1.6,South,No
149,1166,26-05-2025,Beauty,2157.18,30,3,2.5,North,No
150,1226,19-06-2025,Clothing,871.31,0,11,1.3,West,No
151,1145,23-06-2025,Beauty,1438.52,5,6,2.7,West,No
152,1028,02-01-2025,Sports,3368.95,0,4,2.6,South,No
153,1254,21-04-2025,Clothing,3844.39,20,6,1.5,West,Yes
154,1021,22-04-2025,Sports,3547.99,30,2,2.6,North,Yes
155,1148,30-01-2025,Home,2921.22,40,12,3.6,East,No
156,1185,23-01-2025,Clothing,4026.48,50,14,3.8,North,No
157,1158,28-03-2025,Clothing,2234.81,40,9,1.3,South,Yes
158,1178,31-03-2025,Electronics,2601.37,5,9,3,South,No
159,1078,17-06-2025,Clothing,603.74,20,4,1.7,West,Yes
160,1289,14-06-2025,Beauty,3796.78,50,11,4.7,East,No
161,1155,12-03-2025,Books,1649.08,50,2,2.9,East,No
162,1188,15-03-2025,Sports,463.53,50,8,1.2,North,Yes
163,1021,26-04-2025,Sports,3010.99,40,8,3.3,South,No
164,1175,22-01-2025,Home,3064.53,10,1,2.8,South,No
165,1081,04-04-2025,Electronics,1313.94,50,8,3.1,East,No
166,1171,17-01-2025,Beauty,2102.97,30,11,3.4,West,No
167,1072,31-03-2025,Home,1334.78,10,6,1.3,West,No
168,1168,02-02-2025,Clothing,3015.7,5,5,3.2,North,No
169,1092,24-02-2025,Books,3385.23,30,1,2.5,West,No
170,1051,10-05-2025,Clothing,1210.06,10,3,1.3,North,No
171,1083,16-02-2025,Books,1750.15,10,10,2.5,South,No
172,1121,24-04-2025,Books,2244.6,40,6,3.7,West,No
173,1099,05-04-2025,Clothing,2716.65,20,13,4.1,West,No
174,1082,21-02-2025,Beauty,3870.25,40,9,3.1,South,No
175,1052,13-05-2025,Home,355.68,50,14,2.5,East,No
176,1075,22-04-2025,Electronics,3839.27,20,8,4.6,South,Yes
177,1257,06-04-2025,Beauty,4434.69,0,7,1.2,North,No
178,1171,07-02-2025,Home,1200.24,30,15,1.4,East,Yes
179,1229,07-06-2025,Beauty,3510.75,10,13,3.8,North,Yes
180,1270,19-04-2025,Electronics,1354.03,10,9,4.8,East,Yes
181,1234,17-01-2025,Clothing,1575.64,0,4,2.7,West,Yes
182,1219,01-01-2025,Sports,2726.66,15,12,1.6,South,No
183,1034,15-05-2025,Sports,2141.18,5,9,4.9,North,No
184,1191,06-03-2025,Beauty,4379.32,0,11,2.5,East,No
185,1170,04-02-2025,Electronics,1789.53,5,13,3.3,East,Yes
186,1093,04-02-2025,Books,957.94,50,12,2.9,West,Yes
187,1021,22-03-2025,Electronics,1537.87,0,13,1.8,West,No
188,1146,02-04-2025,Sports,2419.66,0,13,3.6,North,No
189,1204,23-04-2025,Books,1726.43,5,13,2.5,West,No
190,1265,10-03-2025,Home,4871.25,50,12,3,West,No
191,1052,21-01-2025,Electronics,2209.98,10,9,2.2,East,No
192,1179,25-04-2025,Home,2284.99,40,3,3.8,East,Yes
193,1029,20-01-2025,Sports,4990.94,20,11,4.9,West,No
194,1224,09-01-2025,Home,2614.12,10,1,1.6,South,Yes
195,1078,23-06-2025,Books,1895.01,40,10,1.1,East,No
196,1187,12-04-2025,Home,2275.3,5,10,1.6,East,No
197,1265,10-04-2025,Clothing,4806.55,0,12,1.7,North,No
198,1146,27-06-2025,Home,3897.33,50,4,5,West,No
199,1227,23-01-2025,Clothing,700.92,5,8,1.7,East,No
200,1153,10-02-2025,Books,1802.38,5,9,3.2,South,No
201,1121,07-05-2025,Home,2592.9,5,4,4.2,East,Yes
202,1033,21-03-2025,Beauty,4037.94,10,10,4.5,West,No
203,1064,23-03-2025,Sports,2112.9,40,14,3.3,West,No
204,1282,13-06-2025,Beauty,3432.53,30,3,4.5,South,No
205,1078,19-03-2025,Beauty,2564.03,0,14,1.5,East,Yes
206,1100,12-06-2025,Books,1204.8,20,14,1.3,East,No
207,1297,09-02-2025,Clothing,3162.61,5,9,3.6,East,Yes
208,1295,09-03-2025,Sports,301.85,0,2,1.2,West,No
209,1148,14-06-2025,Sports,3231.06,50,15,3.5,West,No
210,1030,10-02-2025,Clothing,4042.97,40,5,2.8,West,No
211,1163,30-03-2025,Beauty,1099.71,10,6,4.4,South,No
212,1062,10-03-2025,Home,2623.4,5,6,2,South,No
213,1127,10-02-2025,Electronics,347.97,40,14,3.5,East,No
214,1157,08-05-2025,Clothing,3839.29,50,9,2.9,West,Yes
215,1024,13-01-2025,Sports,2340.43,15,4,3.3,West,No
216,1135,04-04-2025,Home,2729.78,5,7,1.5,East,No
217,1037,09-04-2025,Electronics,2062.85,15,6,3.2,East,No
218,1201,06-04-2025,Sports,3433.95,5,3,4.9,East,No
219,1205,09-05-2025,Sports,4700.85,10,4,3.4,North,Yes
220,1263,05-02-2025,Clothing,3596.6,50,9,2.8,East,Yes
221,1260,17-05-2025,Clothing,2025.48,20,10,2.3,East,No
222,1213,30-05-2025,Beauty,4097.17,30,6,3.7,North,No
223,1245,13-02-2025,Sports,2425.49,15,12,1.2,West,No
224,1056,18-02-2025,Clothing,4126.14,15,1,3.3,East,Yes
225,1241,16-01-2025,Beauty,842.01,15,7,3,South,No
226,1088,28-04-2025,Sports,1692.74,50,9,2.5,East,No
227,1126,13-03-2025,Sports,1836.01,20,10,2.9,South,No
228,1162,03-05-2025,Home,3878.75,15,12,3.8,East,No
229,1176,07-02-2025,Home,697.18,40,15,4.9,East,No
230,1245,24-02-2025,Books,487.24,50,11,2,East,Yes
231,1300,03-03-2025,Sports,3511.24,10,2,3.5,South,No
232,1241,26-01-2025,Books,1240.9,5,7,2.3,South,No
233,1243,03-05-2025,Electronics,4826.14,10,7,3.6,East,No
234,1293,01-03-2025,Home,1498.54,0,15,4.1,North,No
235,1203,07-05-2025,Clothing,2147.64,10,15,4.7,East,Yes
236,1145,27-04-2025,Electronics,145.41,5,15,4.9,West,No
237,1057,26-03-2025,Clothing,4270.19,50,5,1.8,West,Yes
238,1151,26-05-2025,Books,1360.6,10,1,3.9,South,No
239,1167,23-01-2025,Clothing,3093.68,40,14,2.7,North,No
240,1003,08-03-2025,Clothing,4910.26,50,6,4.7,West,No
241,1005,08-03-2025,Home,4774.77,20,10,3.9,South,No
242,1257,30-06-2025,Electronics,3372.15,50,5,1.6,North,No
243,1112,04-02-2025,Books,4589.04,20,6,3.5,West,No
244,1241,18-05-2025,Books,4945.31,30,7,3.8,South,No
245,1185,20-01-2025,Clothing,3433.68,5,9,2.8,North,No
246,1084,25-03-2025,Electronics,4160.99,15,10,3.1,West,No
247,1228,15-01-2025,Electronics,3433.45,50,2,4.6,West,No
248,1011,12-04-2025,Beauty,2863.16,50,11,4.2,North,No
249,1032,19-05-2025,Books,1167.72,5,1,2.7,North,No
250,1215,06-04-2025,Beauty,255.5,40,3,4.1,West,No
251,1276,04-02-2025,Beauty,4361.14,40,7,1.3,East,No
252,1114,01-01-2025,Electronics,974.52,40,9,1.5,East,No
253,1117,05-03-2025,Beauty,3400.15,40,9,2.5,South,No
254,1214,07-06-2025,Home,1023.55,5,1,4.2,North,No
255,1024,04-03-2025,Clothing,1109.8,5,10,1.1,West,No
256,1028,05-02-2025,Beauty,1248.26,15,13,4.5,East,No
257,1164,02-03-2025,Clothing,4097.35,30,10,3.4,South,Yes
258,1285,01-06-2025,Books,2654.13,40,5,2.1,South,No
259,1195,15-05-2025,Books,3425.88,50,1,4.9,West,No
260,1242,03-03-2025,Beauty,831.17,40,3,4,East,No
261,1211,17-04-2025,Books,807.32,50,15,1.2,South,No
262,1230,05-04-2025,Beauty,1290.01,15,6,3.6,South,No
263,1300,21-06-2025,Electronics,1415.46,0,14,1.3,West,No
264,1007,24-02-2025,Clothing,4360.42,30,5,4.8,North,No
265,1104,12-04-2025,Books,4997.9,50,15,2,East,No
266,1262,08-05-2025,Home,1965.24,30,5,2,West,No
267,1288,26-02-2025,Home,4580.22,30,6,2.7,North,No
268,1168,28-02-2025,Home,2811.23,40,5,1.6,South,No
269,1250,14-06-2025,Beauty,2798.15,30,5,4.1,West,No
270,1279,06-05-2025,Clothing,3690.58,30,3,1.6,North,Yes
271,1003,16-04-2025,Sports,265.74,5,14,3.7,South,Yes
272,1191,16-01-2025,Electronics,3565.13,0,4,3,West,No
273,1006,05-01-2025,Books,2490.49,0,9,3.2,East,No
274,1220,15-02-2025,Sports,4889.65,0,9,4.3,North,Yes
275,1181,10-03-2025,Sports,829.6,15,10,3.1,North,No
276,1115,18-03-2025,Home,4800.56,50,10,2,North,No
277,1193,22-05-2025,Books,4959.21,0,2,2.6,North,No
278,1169,25-05-2025,Books,939.78,50,14,2.7,North,No
279,1290,02-05-2025,Sports,4603.85,15,4,4.6,North,No
280,1161,05-01-2025,Books,4635.37,0,3,4.7,South,No
281,1123,26-05-2025,Books,4122.42,5,5,1.6,West,No
282,1071,26-06-2025,Books,4492.98,30,7,4,East,No
283,1203,25-03-2025,Electronics,578.66,15,14,1.3,East,Yes
284,1221,17-02-2025,Beauty,2503.96,30,9,4.8,West,No
285,1037,22-01-2025,Electronics,3883.62,20,13,2,West,No
286,1184,28-01-2025,Books,3941.06,10,12,2.6,East,Yes
287,1095,21-04-2025,Beauty,1863.6,20,2,1.5,West,No
288,1166,09-04-2025,Electronics,228.68,30,9,1.4,West,Yes
289,1194,13-02-2025,Beauty,3917.93,15,10,3.1,East,Yes
290,1215,18-03-2025,Home,2516.31,5,3,2.7,North,No
291,1100,28-04-2025,Home,1333.33,15,12,3.5,East,Yes
292,1168,23-04-2025,Electronics,4749.23,30,14,3.5,South,No
293,1203,23-03-2025,Home,1671.26,15,8,2.3,West,No
294,1201,04-04-2025,Sports,3931.67,30,7,2.1,South,Yes
295,1013,29-04-2025,Sports,4986.6,10,11,4.1,South,No
296,1209,22-06-2025,Beauty,4008.66,5,14,4.4,East,No
297,1193,19-01-2025,Clothing,1338.14,10,12,2.7,West,No
298,1184,29-06-2025,Sports,2063.94,40,9,1.1,North,No
299,1022,25-05-2025,Electronics,3867.87,30,3,3.6,West,No
300,1132,26-02-2025,Home,4832.01,40,2,1,South,No
301,1256,08-02-2025,Beauty,1933.19,50,13,3.7,North,No
302,1059,06-02-2025,Beauty,612.29,40,15,4.8,East,No
303,1224,28-06-2025,Beauty,3942.92,50,6,2.9,North,No
304,1055,23-06-2025,Home,318.95,5,1,4.4,South,No
305,1236,01-03-2025,Sports,954.82,10,6,3.2,South,No
306,1101,26-04-2025,Clothing,3238.35,40,7,1.1,West,No
307,1032,28-05-2025,Electronics,3553.2,15,5,4,South,Yes
308,1250,16-05-2025,Home,1697.33,50,2,2,East,No
309,1180,28-04-2025,Sports,2004.33,40,10,1.5,East,No
310,1156,30-01-2025,Sports,2991.82,10,6,1.5,South,No
311,1095,05-05-2025,Sports,2003.47,10,10,2.5,South,No
312,1230,08-06-2025,Sports,917.64,20,3,1.7,East,Yes
313,1287,10-05-2025,Electronics,2474.58,15,14,2.5,West,No
314,1289,08-01-2025,Books,2509.46,50,8,1.7,South,No
315,1234,25-05-2025,Home,260.21,15,9,2.2,West,No
316,1187,19-05-2025,Sports,2602.95,5,5,4.1,North,No
317,1126,18-03-2025,Books,2262.7,15,7,1.4,North,No
318,1060,02-03-2025,Beauty,1387.79,5,8,4.5,East,No
319,1105,22-02-2025,Books,3090.28,40,3,3.5,East,No
320,1149,16-03-2025,Sports,1477.32,10,6,4.9,North,No
321,1141,17-06-2025,Clothing,4817.58,40,15,1.2,South,Yes
322,1201,06-05-2025,Clothing,816.59,30,14,2,East,Yes
323,1047,14-04-2025,Books,2129.7,50,2,3.5,East,No
324,1167,29-05-2025,Books,4688.05,30,8,4.8,North,Yes
325,1273,12-04-2025,Books,4863.54,30,14,1.3,West,Yes
326,1280,28-05-2025,Clothing,2524.1,30,14,2.1,West,Yes
327,1235,05-01-2025,Home,4481.36,0,1,1.4,South,Yes
328,1067,16-06-2025,Beauty,2336.94,40,4,5,East,No
329,1084,14-01-2025,Electronics,3307.48,20,2,2.5,East,No
330,1048,01-01-2025,Books,3527.26,15,7,3.6,North,No
331,1175,31-01-2025,Clothing,3009.03,50,1,1,West,No
332,1052,27-01-2025,Books,747.66,5,4,2.5,East,No
333,1073,18-01-2025,Clothing,1975.33,10,11,5,North,No
334,1077,16-04-2025,Sports,3285.1,50,6,3.9,West,No
335,1196,31-03-2025,Clothing,524.77,5,3,4,East,No
336,1145,26-06-2025,Clothing,1314.15,5,4,3.2,East,Yes
337,1027,03-03-2025,Clothing,2636.97,15,12,2.6,North,No
338,1006,03-04-2025,Clothing,2547.95,5,9,4.6,South,No
339,1088,01-05-2025,Beauty,4317.99,40,6,3.2,North,No
340,1030,12-04-2025,Electronics,2978.08,0,5,1.9,West,No
341,1078,13-03-2025,Beauty,3538.87,5,11,3.1,North,Yes
342,1300,12-06-2025,Sports,4612.53,10,9,2.3,North,No
343,1222,30-01-2025,Home,3523.51,15,1,2,North,No
344,1070,29-06-2025,Home,3363.79,10,2,1.1,West,Yes
345,1137,31-01-2025,Home,2662.73,20,3,2.5,North,No
346,1295,10-06-2025,Home,4054.83,20,9,1.3,West,Yes
347,1188,10-02-2025,Sports,1864.61,50,14,3.3,North,No
348,1001,12-01-2025,Sports,3403.19,5,4,4,North,No
349,1091,10-01-2025,Clothing,325.31,30,7,4.7,West,No
350,1138,20-01-2025,Clothing,1676.83,40,15,3.9,North,No
351,1264,12-01-2025,Sports,3399.3,0,3,1.9,North,No
352,1233,03-01-2025,Beauty,4343.56,20,6,1.3,East,No
353,1252,20-02-2025,Sports,3944.09,15,8,2.5,South,No
354,1177,12-06-2025,Clothing,131.25,40,1,1.9,North,No
355,1157,27-01-2025,Home,107.16,40,14,4,South,Yes
356,1047,12-01-2025,Beauty,2510.94,0,3,3.8,West,No
357,1048,10-05-2025,Books,4488.33,50,12,1.3,West,Yes
358,1066,02-03-2025,Electronics,3000.29,0,7,3.6,East,No
359,1119,20-01-2025,Beauty,3533.56,30,6,2.8,South,No
360,1160,15-04-2025,Sports,633.97,5,3,2.8,East,Yes
361,1046,10-02-2025,Clothing,2314.39,50,5,4.4,East,No
362,1167,07-02-2025,Books,3514.7,0,4,4.3,South,Yes
363,1089,08-01-2025,Home,2041.6,0,11,2.2,West,No
364,1071,01-02-2025,Sports,3765.58,15,2,2.8,South,Yes
365,1043,30-05-2025,Clothing,1070.85,40,6,3.7,North,No
366,1065,24-01-2025,Electronics,4986.09,15,15,3.6,East,No
367,1293,21-04-2025,Electronics,309.21,50,1,1.7,West,No
368,1095,12-03-2025,Beauty,244.46,40,3,2.4,South,No
369,1210,21-05-2025,Electronics,3109.12,15,11,2.2,North,No
370,1269,05-03-2025,Home,1976.77,40,4,3.6,North,No
371,1248,30-03-2025,Beauty,3931.39,30,8,3.2,East,No
372,1015,13-03-2025,Beauty,1425.13,0,6,3.4,West,Yes
373,1123,10-03-2025,Sports,1851.42,15,3,1.4,North,No
374,1088,15-02-2025,Clothing,2920.89,40,6,4.7,East,No
375,1290,25-05-2025,Books,3518.37,0,12,3.8,South,Yes
376,1028,01-03-2025,Beauty,2756.41,10,8,1.2,North,No
377,1066,29-03-2025,Sports,2442.15,30,15,3.5,East,No
378,1269,04-04-2025,Electronics,207.37,10,13,1.4,East,No
379,1154,24-03-2025,Books,4715.42,40,10,1.4,South,Yes
380,1287,27-06-2025,Books,4748.6,50,11,2.3,East,No
381,1150,02-02-2025,Clothing,3361.11,10,7,2.2,North,Yes
382,1290,09-01-2025,Books,4748.62,40,14,5,East,Yes
383,1169,20-01-2025,Sports,1182.39,5,15,3,East,No
384,1171,25-04-2025,Clothing,3217.32,5,14,3.8,South,Yes
385,1000,13-01-2025,Clothing,3496.56,30,5,4.1,West,No
386,1279,07-04-2025,Clothing,4434.3,50,15,2.5,West,Yes
387,1017,17-03-2025,Sports,3289.75,15,3,2.8,East,Yes
388,1038,21-05-2025,Electronics,463.58,10,15,2.5,North,No
389,1084,05-06-2025,Home,3010.75,50,12,1.1,South,No
390,1283,19-05-2025,Electronics,596.16,15,4,2.6,East,No
391,1251,09-02-2025,Home,1263.99,0,7,3.3,North,Yes
392,1105,13-02-2025,Beauty,529.38,50,4,1.4,North,No
393,1250,19-06-2025,Beauty,4234.47,20,13,2.6,West,No
394,1022,09-03-2025,Clothing,1918,40,6,1.7,East,No
395,1049,22-01-2025,Clothing,4201.69,0,3,4,West,No
396,1267,18-04-2025,Sports,1214.81,0,14,2.5,West,No
397,1017,09-05-2025,Sports,4420.1,50,5,1.3,South,No
398,1085,24-02-2025,Electronics,4751.35,50,3,4.8,South,No
399,1075,02-06-2025,Electronics,2174.54,40,4,5,North,No
400,1141,14-05-2025,Electronics,2001.69,40,9,2.3,North,No
401,1075,26-05-2025,Books,3152.98,40,2,2.7,North,No
402,1274,30-03-2025,Electronics,2857.15,5,13,2.1,East,No
403,1206,06-02-2025,Beauty,3308.46,50,1,1.7,West,No
404,1243,10-03-2025,Electronics,2039.38,30,12,2,North,No
405,1251,28-06-2025,Home,4105.19,20,5,2.1,South,No
406,1137,17-04-2025,Clothing,1572.35,50,13,4.3,North,No
407,1264,06-04-2025,Clothing,2264.41,40,12,2.9,South,No
408,1268,26-05-2025,Electronics,1624.5,40,3,4.1,South,Yes
409,1184,30-06-2025,Clothing,4201.19,15,1,2.8,East,Yes
410,1190,06-05-2025,Beauty,2575.12,5,11,1.1,South,No
411,1132,26-06-2025,Beauty,2975.71,30,6,1.7,North,Yes
412,1115,23-06-2025,Beauty,343.29,15,14,1.9,West,Yes
413,1088,03-06-2025,Sports,198.26,0,8,4.6,South,No
414,1140,19-04-2025,Home,3080.89,20,12,4.9,East,No
415,1203,30-05-2025,Beauty,1334.79,50,5,3.7,East,Yes
416,1246,17-01-2025,Sports,3271.98,20,5,3.7,East,No
417,1152,18-02-2025,Books,1693.17,20,5,3.6,South,No
418,1071,07-01-2025,Electronics,4046.61,40,11,2.3,East,No
419,1298,27-05-2025,Home,4543.87,40,7,3.9,East,No
420,1183,10-05-2025,Books,3595.51,50,15,4.8,South,No
421,1065,08-03-2025,Books,4394.82,10,5,1.4,South,No
422,1157,18-04-2025,Books,4508,5,4,2.4,East,No
423,1240,14-01-2025,Home,1376.74,20,8,4.4,North,No
424,1271,18-03-2025,Beauty,4458.19,5,14,3.7,South,No
425,1234,06-02-2025,Clothing,4962.5,30,7,4.9,South,No
426,1002,26-04-2025,Electronics,2489.15,10,6,3.5,South,No
427,1045,03-02-2025,Sports,3845.97,50,13,4.1,West,No
428,1273,21-02-2025,Beauty,2202.22,50,7,1,North,No
429,1127,27-02-2025,Home,3808.55,15,1,3.7,East,No
430,1085,17-01-2025,Home,731.76,40,9,3.4,East,No
431,1068,29-03-2025,Home,2334.04,30,7,4.6,West,No
432,1206,05-01-2025,Home,3775.57,10,15,4.7,South,No
433,1019,07-04-2025,Clothing,3696.98,10,2,2.5,East,No
434,1010,13-01-2025,Sports,3153.36,0,11,1.4,West,No
435,1105,27-06-2025,Beauty,1963.24,20,8,3.8,North,No
436,1070,18-04-2025,Home,2162.27,5,11,3.1,North,No
437,1054,08-05-2025,Sports,3621.95,5,5,1.5,South,No
438,1151,11-02-2025,Home,4174.34,15,6,3.8,West,Yes
439,1006,21-06-2025,Clothing,3472.2,50,6,1.9,North,Yes
440,1038,26-01-2025,Sports,3378.21,10,2,4.1,South,No
441,1051,14-02-2025,Beauty,4944.46,20,5,2.9,East,No
442,1048,12-01-2025,Home,4027.82,30,7,4,South,Yes
443,1137,24-01-2025,Books,3271.27,30,6,4.6,East,No
444,1197,26-06-2025,Clothing,657.78,40,8,2.1,West,No
445,1030,10-02-2025,Books,4442.01,10,2,1.5,West,Yes
446,1183,06-06-2025,Sports,3424.13,10,10,2.5,South,Yes
447,1023,17-01-2025,Beauty,4609.95,5,15,2.6,East,No
448,1265,14-05-2025,Electronics,3552.38,15,11,4.5,North,No
449,1197,08-02-2025,Beauty,3342.39,15,8,2.4,North,No
450,1253,12-02-2025,Electronics,3252.65,10,9,4.4,West,Yes
451,1281,14-06-2025,Home,1280.37,20,1,3,South,No
452,1228,22-03-2025,Electronics,2349.56,50,2,4.4,West,Yes
453,1285,21-05-2025,Books,3301.53,5,7,2.6,North,Yes
454,1105,17-06-2025,Sports,4819.54,20,15,3,East,No
455,1286,08-06-2025,Home,4144.02,15,14,2.8,East,No
456,1001,29-03-2025,Books,2317.41,5,13,3.6,East,No
457,1252,05-02-2025,Sports,2657.73,5,1,4.6,West,No
458,1201,25-02-2025,Electronics,1346.02,15,4,1.5,South,No
459,1063,26-04-2025,Books,1755.87,40,1,4.7,South,No
460,1299,04-05-2025,Beauty,121.25,0,9,4.7,South,No
461,1164,10-05-2025,Books,2934.92,10,2,2.5,West,No
462,1175,17-03-2025,Sports,4587.96,15,5,2.6,South,No
463,1160,22-05-2025,Clothing,2122.45,20,14,3.8,South,No
464,1067,16-06-2025,Clothing,3158.42,20,11,2.4,South,No
465,1180,24-05-2025,Sports,2758.21,30,12,1.5,West,No
466,1006,14-05-2025,Books,3764.56,20,15,4.4,West,Yes
467,1082,15-03-2025,Clothing,360.02,0,4,2.1,South,No
468,1016,02-04-2025,Electronics,3483.91,20,4,4,North,No
469,1199,02-03-2025,Sports,4353.37,15,12,3.6,East,No
470,1160,22-05-2025,Books,3356.02,40,7,2.7,East,Yes
471,1188,31-05-2025,Clothing,3140.75,50,14,1.9,South,No
472,1038,17-02-2025,Books,4825.02,20,8,1.7,North,No
473,1082,30-05-2025,Beauty,299.11,20,9,2.1,North,No
474,1165,02-06-2025,Home,2385.02,10,1,1.6,East,Yes
475,1162,15-05-2025,Beauty,3970.55,30,2,4.1,South,No
476,1206,24-01-2025,Sports,434.06,10,7,3.2,South,No
477,1271,02-05-2025,Books,1726.23,30,5,1.9,North,No
478,1124,11-01-2025,Electronics,3377.8,50,4,4.6,East,No
479,1144,07-01-2025,Beauty,4588.07,5,7,2,East,No
480,1098,24-03-2025,Sports,4033.8,50,8,1.2,North,No
481,1109,25-06-2025,Clothing,4860.98,0,11,1.3,North,No
482,1036,25-06-2025,Clothing,2735,40,11,4.3,West,Yes
483,1128,23-05-2025,Books,1725.41,5,2,1.2,South,Yes
484,1161,05-01-2025,Home,2097.4,50,11,2.6,North,No
485,1023,29-06-2025,Sports,128.9,5,13,4,East,No
486,1224,08-04-2025,Sports,620.06,20,10,1.3,North,No
487,1279,17-03-2025,Beauty,865.99,15,3,4,South,No
488,1284,06-02-2025,Home,3418.72,30,1,3.2,North,Yes
489,1176,24-02-2025,Sports,3023.61,5,5,1.8,South,No
490,1290,14-01-2025,Clothing,1001.56,20,4,1.5,West,No
491,1050,20-02-2025,Books,2793.36,20,11,1.3,West,No
492,1035,19-02-2025,Home,1849.98,15,2,2.1,West,No
493,1289,26-05-2025,Home,3120.08,20,12,3.3,East,No
494,1223,12-03-2025,Beauty,926.33,30,4,4.1,South,No
495,1156,05-05-2025,Books,3691.57,50,8,2.8,South,No
496,1275,20-02-2025,Books,3072.48,20,14,4.3,North,No
497,1015,29-05-2025,Books,469.46,0,14,3,South,No
498,1187,11-04-2025,Electronics,2802.81,50,11,4.1,East,Yes
499,1005,19-06-2025,Clothing,2377.04,5,7,2.5,South,No
500,1289,18-06-2025,Sports,787.82,10,3,3.3,South,No
501,1249,01-03-2025,Books,3686.82,30,1,1.9,East,Yes
502,1184,10-04-2025,Clothing,309.76,15,9,4.6,West,No
503,1266,12-06-2025,Electronics,295.53,30,2,3.8,East,No
504,1187,31-05-2025,Sports,2767.32,10,7,3.6,North,No
505,1176,05-05-2025,Sports,1332.77,15,9,2.6,North,No
506,1263,14-06-2025,Sports,4421.97,50,3,1.9,South,No
507,1169,30-01-2025,Clothing,871.05,5,11,1.9,West,No
508,1011,04-03-2025,Beauty,1132.45,10,11,4.3,South,Yes
509,1028,12-02-2025,Clothing,3184.75,0,15,3.3,South,No
510,1145,22-01-2025,Sports,4795.37,0,15,3.9,West,No
511,1298,16-02-2025,Beauty,935.78,40,10,1.6,East,No
512,1035,28-02-2025,Clothing,3648.52,30,15,2.8,South,Yes
513,1049,15-02-2025,Electronics,181.16,40,14,1.6,North,No
514,1066,04-06-2025,Sports,2566.31,5,2,2.9,North,No
515,1271,20-04-2025,Books,3281.24,40,6,4.5,West,No
516,1244,01-03-2025,Beauty,1817.54,5,7,1.5,North,No
517,1003,28-05-2025,Home,3031.63,40,5,1.8,North,No
518,1079,20-04-2025,Beauty,3307.28,30,7,2.4,East,No
519,1141,24-06-2025,Home,4289.39,40,10,2.5,South,No
520,1284,04-05-2025,Beauty,2805.31,50,3,2.5,East,No
521,1060,28-02-2025,Sports,1787.35,40,12,1.6,South,No
522,1281,07-06-2025,Electronics,1150.84,40,13,2.4,North,No
523,1074,01-05-2025,Clothing,2006.61,0,13,1.4,West,No
524,1019,09-04-2025,Electronics,413.99,15,6,1.3,West,No
525,1029,14-02-2025,Sports,3315.26,20,12,4.9,West,No
526,1261,13-05-2025,Electronics,1088.37,20,4,1.1,South,No
527,1080,23-01-2025,Books,276.7,15,11,1,West,No
528,1007,30-06-2025,Home,3381.34,40,10,1.8,North,Yes
529,1141,27-02-2025,Sports,1494.02,30,6,4.9,South,No
530,1259,28-01-2025,Beauty,4655.6,0,5,1.7,East,No
531,1294,06-03-2025,Home,4740.38,20,15,3.2,West,No
532,1234,24-06-2025,Sports,2469.79,15,13,2.4,North,No
533,1112,23-06-2025,Beauty,669.71,5,7,3.5,East,No
534,1127,15-03-2025,Beauty,4781.68,0,12,4.3,East,Yes
535,1111,27-05-2025,Electronics,2817.3,10,8,2.3,South,No
536,1135,22-02-2025,Beauty,3711.85,15,12,2,South,Yes
537,1252,07-06-2025,Sports,1844.53,5,2,4.7,North,Yes
538,1294,12-03-2025,Beauty,1918.86,30,8,4.6,East,No
539,1216,03-05-2025,Beauty,1188.25,10,1,3.1,North,No
540,1265,28-04-2025,Sports,1801.72,10,8,4.9,North,No
541,1185,06-06-2025,Electronics,3403.1,40,10,1.4,South,No
542,1175,04-04-2025,Sports,1387.96,20,8,4.8,West,No
543,1143,26-04-2025,Clothing,2153.56,30,6,4.4,South,Yes
544,1120,23-05-2025,Sports,3461.46,5,12,2.1,West,No
545,1090,18-04-2025,Clothing,814.63,10,8,4.2,East,No
546,1083,16-01-2025,Beauty,1570.17,0,7,1.4,East,No
547,1133,03-04-2025,Beauty,4210.96,5,8,4,East,No
548,1101,28-05-2025,Home,197.19,5,6,4.5,South,No
549,1040,08-04-2025,Home,1840.03,50,13,3.9,West,No
550,1172,18-04-2025,Books,4787.31,10,11,4.2,West,No
551,1149,10-03-2025,Electronics,487.65,30,4,2.3,West,No
552,1230,16-04-2025,Home,4449.69,30,12,3.3,North,Yes
553,1040,23-02-2025,Clothing,3666.08,20,12,3.8,North,Yes
554,1203,15-05-2025,Electronics,412.58,50,9,1.2,North,No
555,1199,21-03-2025,Electronics,1386.02,10,2,3.6,East,No
556,1014,09-01-2025,Beauty,3169.76,10,9,4.4,East,No
557,1276,15-02-2025,Beauty,2389.25,20,9,2.8,West,No
558,1273,21-03-2025,Books,3769.67,40,9,3.6,West,No
559,1211,08-03-2025,Sports,1212.93,5,8,2.2,North,Yes
560,1273,03-01-2025,Electronics,2664.25,10,6,2.1,West,No
561,1118,02-01-2025,Beauty,1568.09,40,13,2.2,South,No
562,1199,07-04-2025,Beauty,4422.59,40,7,2,North,Yes
563,1272,10-03-2025,Beauty,3164.08,20,5,3.6,North,No
564,1231,11-03-2025,Clothing,769.46,5,11,2.8,West,No
565,1011,17-02-2025,Clothing,1671.15,10,1,4.9,East,No
566,1046,08-02-2025,Home,712.69,50,12,1,South,Yes
567,1016,26-03-2025,Home,2159.19,50,6,2.9,South,Yes
568,1092,19-02-2025,Electronics,1405.87,40,2,3.2,East,No
569,1197,24-04-2025,Beauty,4158.44,5,13,3.9,North,No
570,1106,02-05-2025,Clothing,2358.09,5,9,3.7,East,No
571,1266,01-02-2025,Home,877.2,0,12,4.7,East,No
572,1057,02-03-2025,Clothing,1866.09,0,14,3.7,East,No
573,1124,03-01-2025,Electronics,920.07,20,10,1.5,West,No
574,1080,08-05-2025,Books,3021.44,30,13,1.4,East,Yes
575,1274,28-01-2025,Books,394.26,30,11,1.6,South,Yes
576,1098,06-01-2025,Home,4910.21,30,13,4.6,East,No
577,1286,17-03-2025,Books,760.19,0,8,3.8,West,No
578,1140,03-06-2025,Clothing,2876.84,30,6,3.9,South,No
579,1277,04-04-2025,Electronics,2702.57,50,5,4.3,West,No
580,1122,24-03-2025,Books,1009.12,0,10,4.4,West,No
581,1144,24-03-2025,Clothing,2667.94,50,13,3.2,East,No
582,1066,15-02-2025,Electronics,571.66,5,1,4.3,South,No
583,1198,18-06-2025,Electronics,2478.31,5,1,3.3,East,No
584,1106,17-06-2025,Electronics,1895.13,5,1,4.7,North,No
585,1212,05-04-2025,Beauty,4025,0,6,3.2,North,No
586,1155,20-01-2025,Sports,1402.5,0,12,1.3,North,No
587,1127,26-05-2025,Electronics,3653.34,40,4,1.8,South,No
588,1295,02-04-2025,Sports,3771.05,40,12,1.4,West,No
589,1172,18-06-2025,Electronics,917.37,10,9,2.6,West,Yes
590,1220,24-03-2025,Home,4522.18,30,14,2.5,South,No
591,1229,12-04-2025,Beauty,3851.97,20,6,4.8,North,Yes
592,1153,26-02-2025,Home,3019.24,10,15,2.2,East,Yes
593,1284,27-05-2025,Electronics,3880.46,20,15,3.2,South,No
594,1187,30-05-2025,Electronics,284.91,30,3,1.6,East,No
595,1039,25-03-2025,Home,550.34,40,10,4.7,South,No
596,1019,28-05-2025,Beauty,4145.96,5,10,3.6,North,No
597,1061,28-02-2025,Home,1804.86,40,7,4.7,North,No
598,1021,23-03-2025,Books,3909.35,40,1,2.2,South,No
599,1201,25-04-2025,Home,2561.77,15,3,1.2,North,No
600,1042,02-05-2025,Clothing,2216.48,40,3,1.5,North,No
601,1066,04-02-2025,Sports,2056.04,5,7,3,South,No
602,1268,05-03-2025,Beauty,2037.06,15,9,3.5,East,No
603,1216,04-04-2025,Beauty,1684.72,5,2,3.7,East,No
604,1179,07-06-2025,Home,3010,0,13,2.2,West,No
605,1102,25-06-2025,Sports,814.51,0,15,4.3,North,No
606,1147,04-01-2025,Electronics,3723.95,15,10,4.7,North,No
607,1275,24-02-2025,Home,2305.3,0,6,1.8,East,No
608,1009,07-04-2025,Sports,2466.83,10,12,3.8,North,No
609,1138,14-01-2025,Home,934.57,20,4,4.2,North,No
610,1184,28-01-2025,Electronics,2004.36,20,11,4.4,West,Yes
611,1272,23-01-2025,Clothing,4900.98,5,15,2.3,West,Yes
612,1271,20-03-2025,Sports,4639.11,0,1,2,West,No
613,1154,02-03-2025,Books,869.33,30,11,2.4,East,No
614,1015,23-05-2025,Electronics,3166.38,40,15,5,South,No
615,1195,14-05-2025,Clothing,1774.75,40,11,1.5,South,No
616,1168,25-04-2025,Beauty,1277.77,10,7,4.9,South,No
617,1268,04-02-2025,Books,779.02,15,14,1.6,South,No
618,1272,31-01-2025,Books,4671.85,10,6,1.3,South,Yes
619,1210,19-03-2025,Books,244.47,30,15,4.9,East,No
620,1136,05-06-2025,Clothing,3917.63,5,3,1.7,South,No
621,1244,04-02-2025,Sports,1237.69,0,6,1.3,West,No
622,1242,05-02-2025,Books,3282.89,10,14,2.5,South,Yes
623,1211,26-02-2025,Electronics,2102.09,0,15,2.1,South,No
624,1166,28-04-2025,Clothing,424.07,50,14,3.5,West,No
625,1292,02-06-2025,Beauty,3903.45,40,12,2.3,North,No
626,1125,13-05-2025,Sports,635.65,50,14,4.5,North,No
627,1203,19-03-2025,Sports,1998.25,0,4,2.2,East,No
628,1264,06-02-2025,Beauty,915.78,20,10,4.7,West,No
629,1279,04-02-2025,Electronics,3640.97,5,3,4.1,East,No
630,1103,27-04-2025,Beauty,222.07,50,10,4.6,East,Yes
631,1046,30-01-2025,Books,3278.02,10,12,3.9,East,No
632,1261,06-06-2025,Electronics,2666.7,40,12,4.2,West,No
633,1076,11-02-2025,Sports,1964.97,10,15,2.3,South,No
634,1228,15-03-2025,Books,351.42,20,5,3.9,North,No
635,1006,28-04-2025,Clothing,4806.13,0,10,4.1,West,No
636,1243,27-04-2025,Sports,4056.53,50,4,1.9,North,No
637,1285,23-02-2025,Sports,3040.5,15,15,3.2,South,Yes
638,1295,04-06-2025,Electronics,3301.06,0,3,4.4,North,No
639,1293,24-05-2025,Electronics,633.55,10,3,3.7,West,No
640,1165,05-04-2025,Books,2936.93,0,2,4.1,North,No
641,1062,27-06-2025,Beauty,4232.22,5,5,2.9,East,No
642,1029,28-01-2025,Sports,2127.41,15,12,1.8,North,No
643,1162,08-03-2025,Beauty,3647.96,20,7,3.4,East,No
644,1254,07-05-2025,Clothing,3110.02,50,9,3.9,South,No
645,1238,10-06-2025,Books,1523.39,15,1,1.5,South,No
646,1286,13-06-2025,Sports,4995.04,40,1,2.3,South,Yes
647,1281,24-03-2025,Books,1479.97,5,5,2.2,North,No
648,1014,14-02-2025,Books,1733.09,40,12,3.3,East,Yes
649,1069,04-05-2025,Books,2447.63,50,13,1.1,West,Yes
650,1028,14-05-2025,Sports,4490.05,50,13,4.3,East,No
651,1181,17-01-2025,Sports,2725.84,15,10,3.7,East,No
652,1084,27-05-2025,Electronics,1761.85,40,11,3.1,South,No
653,1016,11-03-2025,Sports,672.54,20,12,4.4,West,No
654,1089,29-01-2025,Clothing,1920.76,20,4,3.1,North,No
655,1247,09-05-2025,Clothing,4575.43,50,9,1.1,East,Yes
656,1050,13-05-2025,Beauty,3688.96,20,13,2.3,South,No
657,1267,30-01-2025,Clothing,3650.4,50,7,3.9,North,Yes
658,1023,27-01-2025,Books,4255.81,5,6,2.9,East,No
659,1164,21-02-2025,Electronics,2930.04,20,11,4.6,East,No
660,1076,10-02-2025,Sports,1663.83,50,11,1.5,North,Yes
661,1281,23-03-2025,Sports,2842.17,5,4,3.2,East,No
662,1173,19-05-2025,Sports,1299.64,5,5,3.5,South,No
663,1044,20-04-2025,Electronics,2406.6,0,2,2.5,West,No
664,1273,21-01-2025,Sports,1842.56,30,14,1.8,West,No
665,1238,01-05-2025,Sports,745.8,50,2,2.8,South,Yes
666,1093,29-06-2025,Clothing,4319.37,20,15,2.5,East,No
667,1179,03-05-2025,Home,2321.09,0,2,2.9,South,No
668,1054,25-03-2025,Home,3862.91,10,9,1.4,North,No
669,1124,21-05-2025,Home,2710.45,40,10,2.7,West,Yes
670,1220,22-04-2025,Beauty,423.69,15,14,3.8,East,No
671,1293,05-05-2025,Sports,3501.25,10,11,3.7,West,Yes
672,1207,18-01-2025,Home,2819.93,50,3,2.2,West,No
673,1071,29-05-2025,Home,2522.05,0,2,1.9,North,No
674,1295,25-04-2025,Clothing,3338.32,50,9,2.2,East,Yes
675,1222,30-03-2025,Home,2894.35,20,15,4.8,North,No
676,1150,16-01-2025,Sports,4933.47,40,14,1.5,North,No
677,1015,02-03-2025,Electronics,3546.44,30,2,4.4,West,No
678,1279,24-02-2025,Books,1658.82,40,7,2.5,West,No
679,1213,09-02-2025,Clothing,1022.31,40,14,4.7,South,No
680,1249,18-06-2025,Clothing,156.85,0,3,3.9,South,No
681,1217,09-06-2025,Electronics,772.38,40,14,2.8,West,Yes
682,1217,04-06-2025,Sports,4118.35,40,6,1.9,West,Yes
683,1295,04-04-2025,Books,1260.07,20,7,4.7,North,Yes
684,1040,06-02-2025,Sports,2468.01,30,2,3.3,East,No
685,1039,25-06-2025,Beauty,2633.05,5,4,2.9,East,No
686,1240,27-04-2025,Sports,358.59,30,9,4.1,West,No
687,1150,16-03-2025,Sports,3695.69,40,6,4.8,East,Yes
688,1296,13-02-2025,Books,3946.61,20,1,3.5,East,No
689,1258,20-01-2025,Books,3159.15,20,8,1.3,East,No
690,1007,29-01-2025,Home,749.44,20,5,4.4,South,No
691,1120,05-05-2025,Books,2288.6,10,5,4.1,North,No
692,1078,07-05-2025,Home,4921.95,10,10,4.7,West,No
693,1107,28-05-2025,Beauty,1265.94,50,12,3.6,East,No
694,1204,02-05-2025,Electronics,3247.08,5,1,1.7,South,No
695,1271,22-04-2025,Beauty,3449.2,40,8,2.1,West,Yes
696,1181,21-04-2025,Beauty,3424.62,0,2,4.7,East,No
697,1200,29-04-2025,Home,1424.6,5,5,3.6,South,No
698,1092,22-03-2025,Books,3392.26,15,9,2.3,North,No
699,1228,31-03-2025,Electronics,158.61,5,9,1.4,East,Yes
700,1111,03-06-2025,Home,1046.09,0,10,1.4,North,No
701,1289,17-02-2025,Electronics,4296.56,10,7,3.6,South,No
702,1141,20-04-2025,Home,1543.39,5,11,2.8,East,No
703,1195,10-04-2025,Home,893.63,5,5,4.1,North,No
704,1251,21-02-2025,Home,4782.47,20,3,2.8,South,No
705,1111,07-06-2025,Books,2511.08,10,9,4.1,West,No
706,1128,25-04-2025,Books,1369.08,0,2,1.3,West,Yes
707,1199,10-03-2025,Clothing,3299.04,0,15,1.2,East,Yes
708,1035,19-05-2025,Beauty,2915.74,50,8,2.7,West,Yes
709,1183,27-03-2025,Books,4108.09,50,2,3.3,West,No
710,1174,21-01-2025,Electronics,3198.14,5,6,3.1,East,No
711,1153,28-06-2025,Books,1095.29,0,7,3.6,North,No
712,1224,18-02-2025,Books,3475.33,50,2,4.5,South,Yes
713,1276,14-06-2025,Electronics,3626.72,15,8,2.6,West,No
714,1021,14-04-2025,Electronics,281.51,0,6,4.2,West,No
715,1036,10-01-2025,Books,4363.98,10,12,3.3,West,No
716,1066,04-01-2025,Books,193.41,0,4,3.8,North,No
717,1032,28-01-2025,Home,4121.62,5,8,3.4,South,Yes
718,1205,25-03-2025,Electronics,4041.82,40,6,4.2,South,Yes
719,1088,27-03-2025,Home,4198.49,15,13,1.2,East,Yes
720,1084,23-04-2025,Clothing,3812,10,12,2.5,North,Yes
721,1249,21-01-2025,Clothing,589.84,40,13,1.6,South,Yes
722,1243,27-06-2025,Electronics,3563.03,20,7,3.8,South,No
723,1089,06-06-2025,Books,1427.65,50,7,2,South,No
724,1154,31-03-2025,Books,2549.45,5,11,4.3,South,No
725,1276,10-05-2025,Clothing,675.79,5,10,2.4,South,Yes
726,1242,08-05-2025,Home,360.04,5,13,1.6,North,Yes
727,1171,07-06-2025,Electronics,3259.82,20,4,2.7,West,No
728,1080,08-01-2025,Electronics,611.66,0,15,3.1,North,No
729,1214,20-02-2025,Electronics,4485.89,50,10,3.3,East,No
730,1211,21-02-2025,Clothing,3916.98,30,4,1.4,South,No
731,1074,25-02-2025,Electronics,2407.85,50,1,4.6,West,No
732,1183,11-03-2025,Clothing,1997.92,10,8,3.9,South,No
733,1238,28-04-2025,Electronics,3491.83,0,5,1.5,East,No
734,1087,28-05-2025,Clothing,4443.4,10,13,4.2,South,No
735,1242,29-04-2025,Electronics,2117.31,50,14,5,West,No
736,1113,01-06-2025,Books,4375.73,15,6,2.7,North,No
737,1258,09-01-2025,Beauty,4902.9,0,8,3.9,West,No
738,1042,23-05-2025,Beauty,4067.61,5,8,3,West,No
739,1046,05-01-2025,Clothing,750.29,20,4,3.6,East,No
740,1070,30-06-2025,Clothing,3546.19,0,8,2.9,East,No
741,1197,26-06-2025,Books,2375.05,0,14,3.5,North,No
742,1277,28-05-2025,Home,2186.92,20,12,4.8,North,No
743,1186,14-01-2025,Sports,4416.15,0,9,4.8,East,Yes
744,1286,30-06-2025,Beauty,3133.75,30,6,1.7,South,Yes
745,1244,29-05-2025,Clothing,4908.13,15,9,1.5,South,No
746,1257,24-06-2025,Books,3828.34,30,6,4.6,North,No
747,1062,01-05-2025,Electronics,1926.79,50,8,3,East,No
748,1234,23-01-2025,Beauty,3142.66,5,4,4.6,South,Yes
749,1057,28-06-2025,Home,4795.46,5,2,1.7,South,Yes
750,1277,03-02-2025,Clothing,2651.37,0,5,2.7,West,No
751,1011,01-03-2025,Beauty,3714.78,0,5,1.8,East,No
752,1271,21-05-2025,Beauty,2935.65,30,8,3.4,East,No
753,1116,04-05-2025,Sports,746.58,20,3,4.2,East,No
754,1082,18-05-2025,Electronics,826.86,20,8,4.8,South,No
755,1021,23-03-2025,Books,3495.01,10,3,2,West,No
756,1162,30-03-2025,Home,1911.39,15,9,3.8,West,Yes
757,1207,08-05-2025,Sports,4879.78,20,2,4.7,West,No
758,1242,16-03-2025,Home,864.66,30,11,3.8,South,No
759,1245,11-01-2025,Sports,3669.86,50,6,3.8,North,Yes
760,1167,15-01-2025,Home,221.5,15,8,2.4,South,No
761,1275,25-04-2025,Sports,2679.53,20,4,1.1,North,No
762,1261,15-01-2025,Sports,2032.68,50,6,3.4,East,No
763,1006,14-03-2025,Beauty,824.94,40,6,2.5,East,No
764,1227,17-04-2025,Beauty,4384.08,5,4,3.9,East,No
765,1071,31-05-2025,Clothing,4047.8,40,12,4.6,South,No
766,1192,23-01-2025,Clothing,1585.83,30,2,4.7,East,Yes
767,1070,21-02-2025,Beauty,956.98,50,12,3.3,West,Yes
768,1299,19-03-2025,Home,2813.95,0,14,4.3,West,No
769,1241,01-02-2025,Clothing,231.52,0,3,2.1,East,No
770,1141,07-05-2025,Beauty,978.92,15,1,1.5,North,No
771,1132,10-06-2025,Sports,3753.27,50,10,2.7,North,No
772,1297,15-01-2025,Home,2611.38,0,14,2,West,Yes
773,1214,12-06-2025,Books,763.94,10,1,2.1,East,No
774,1093,25-01-2025,Electronics,1520.3,5,9,1.8,South,No
775,1154,11-03-2025,Sports,1680.77,30,14,4.4,East,No
776,1070,13-05-2025,Electronics,2718.66,30,14,1.6,West,Yes
777,1257,26-02-2025,Beauty,1767.53,10,2,1.9,North,No
778,1008,03-05-2025,Beauty,2356.41,5,2,4.3,East,No
779,1014,31-01-2025,Clothing,4103.49,30,3,3.8,South,Yes
780,1040,19-04-2025,Books,1210.21,10,4,1.5,North,No
781,1100,28-01-2025,Electronics,192.15,50,13,2.7,North,Yes
782,1005,25-01-2025,Beauty,682.72,20,1,1.3,South,No
783,1046,07-02-2025,Sports,4515.76,10,11,2.4,East,No
784,1123,10-05-2025,Sports,1804.4,10,14,3,North,No
785,1144,13-02-2025,Sports,3839.9,15,12,1.8,North,No
786,1243,04-04-2025,Books,583.56,15,15,3,South,No
787,1194,19-04-2025,Beauty,3400.28,5,3,4.3,South,No
788,1266,04-02-2025,Beauty,652.94,30,2,2.9,East,No
789,1059,09-04-2025,Books,1512.53,0,2,2.3,East,No
790,1148,20-04-2025,Books,4883.28,50,4,3.2,North,Yes
791,1251,22-06-2025,Beauty,4701.5,30,3,1.1,West,Yes
792,1205,27-06-2025,Sports,3326.89,5,2,1.6,North,No
793,1101,28-03-2025,Books,4633.92,10,2,2.5,West,No
794,1297,01-06-2025,Electronics,1241.06,40,12,3,West,No
795,1075,27-04-2025,Home,2431.55,40,8,3,East,Yes
796,1027,18-01-2025,Beauty,2536.64,10,1,1.4,North,No
797,1049,20-01-2025,Clothing,1974.9,30,3,2.2,West,No
798,1277,29-03-2025,Beauty,1089.47,50,8,3,North,No
799,1192,24-04-2025,Electronics,4954.49,5,7,2.8,North,No
800,1251,21-04-2025,Clothing,2827.67,20,15,3.8,West,Yes
801,1276,27-05-2025,Beauty,3843.65,50,11,3.2,South,No
802,1193,07-06-2025,Sports,373.11,20,8,3.4,East,No
803,1178,30-05-2025,Home,400.98,0,3,4.3,East,Yes
804,1028,19-06-2025,Beauty,577.02,30,6,2.6,South,No
805,1156,30-01-2025,Books,1629.29,5,15,3.8,North,No
806,1290,12-05-2025,Sports,1697.97,50,11,4.5,East,No
807,1199,24-03-2025,Electronics,3510.2,0,6,2.5,West,No
808,1173,12-02-2025,Electronics,3485.23,15,6,3,East,No
809,1109,15-03-2025,Beauty,1088.62,5,14,4.4,East,No
810,1047,29-05-2025,Sports,2069.93,15,10,4,East,Yes
811,1039,16-06-2025,Home,429.62,50,7,1.8,East,No
812,1128,09-06-2025,Beauty,3350.94,30,4,2.7,South,No
813,1239,10-03-2025,Electronics,3176.44,10,10,3,West,No
814,1236,07-02-2025,Sports,3660.41,0,9,1.8,East,Yes
815,1211,10-03-2025,Beauty,2110.28,5,11,1.8,South,No
816,1076,19-02-2025,Home,3465.59,15,7,2,East,Yes
817,1018,21-02-2025,Beauty,2478.37,40,7,3.6,South,Yes
818,1021,05-05-2025,Electronics,1366.14,20,11,3.2,North,No
819,1208,04-04-2025,Electronics,1638.13,20,14,1.3,North,No
820,1256,31-01-2025,Beauty,4721.49,10,4,1.4,East,No
821,1160,26-03-2025,Beauty,4434.37,15,10,1.5,West,No
822,1089,24-02-2025,Books,3745.4,40,4,1.6,West,No
823,1057,23-03-2025,Beauty,1346.1,0,8,3.1,West,No
824,1074,03-04-2025,Books,1307.1,20,15,4.1,East,No
825,1027,26-06-2025,Home,203.26,0,14,4,South,No
826,1185,25-06-2025,Home,2808.37,20,11,4.8,South,Yes
827,1130,19-03-2025,Beauty,2003.51,40,15,4.9,South,Yes
828,1162,14-06-2025,Home,1130.89,10,15,2.8,North,No
829,1170,19-04-2025,Home,4345.58,50,8,3.9,North,No
830,1280,25-03-2025,Clothing,3522.56,5,6,2.7,North,No
831,1069,01-01-2025,Electronics,3242.73,10,11,2.8,East,No
832,1066,02-06-2025,Home,2921.47,5,3,2,East,No
833,1167,14-03-2025,Beauty,2443.99,10,5,1.7,West,No
834,1114,06-01-2025,Home,991.26,40,14,4.5,South,No
835,1086,13-01-2025,Electronics,4873.23,15,5,3.8,West,No
836,1290,31-01-2025,Sports,1374.77,5,6,1.7,West,Yes
837,1104,18-02-2025,Beauty,4153.56,50,2,1.9,East,No
838,1105,03-06-2025,Home,3757.57,40,3,2.7,East,Yes
839,1074,08-01-2025,Books,3418.22,40,3,2.6,East,No
840,1234,22-01-2025,Clothing,3126.63,15,6,3.3,South,Yes
841,1196,19-04-2025,Home,4874.56,40,11,1.8,East,No
842,1120,01-05-2025,Electronics,566.87,0,1,2.3,North,No
843,1189,03-02-2025,Electronics,1342.92,40,5,4.9,North,No
844,1173,30-04-2025,Sports,978.92,10,9,3,East,Yes
845,1022,02-02-2025,Books,2699.08,10,5,1.5,East,No
846,1134,06-06-2025,Books,1866.9,40,5,4.6,East,No
847,1251,08-02-2025,Sports,1633.75,10,6,3.9,West,No
848,1240,08-03-2025,Electronics,1025.71,0,4,1.7,West,No
849,1287,05-05-2025,Beauty,668.52,50,1,2.8,North,No
850,1145,16-02-2025,Books,4347.71,5,6,1.4,East,No
851,1002,15-05-2025,Sports,4465.38,15,10,5,South,No
852,1048,26-03-2025,Beauty,4610.02,15,13,3,North,Yes
853,1014,21-01-2025,Beauty,1930.44,5,14,2.3,West,No
854,1168,12-01-2025,Beauty,3178.95,20,10,3.6,West,No
855,1144,24-03-2025,Home,4742.35,10,4,4.5,North,No
856,1091,03-03-2025,Sports,4764.31,40,2,2.6,West,No
857,1206,14-03-2025,Electronics,200.51,15,3,2.6,South,No
858,1158,25-06-2025,Electronics,1562.88,40,12,4.2,East,No
859,1228,10-04-2025,Books,570.95,30,9,1.8,West,No
860,1218,24-01-2025,Electronics,3806.8,30,10,1.7,East,Yes
861,1268,22-01-2025,Beauty,3414.56,10,15,3,West,No
862,1065,25-06-2025,Electronics,4545.32,50,5,1.6,South,No
863,1023,12-05-2025,Sports,2195.89,0,9,1.3,West,Yes
864,1041,09-05-2025,Beauty,562.97,20,6,2,West,Yes
865,1152,22-03-2025,Clothing,3952.27,40,1,1.3,West,No
866,1095,24-02-2025,Books,2304.74,20,6,4.9,East,No
867,1006,13-02-2025,Books,621.02,0,1,2.6,West,No
868,1184,26-06-2025,Books,2084.95,50,5,3.5,West,No
869,1008,28-06-2025,Home,529.41,10,1,1.8,North,No
870,1275,18-02-2025,Clothing,2457.47,10,11,2,West,Yes
871,1078,29-06-2025,Clothing,2422.55,0,2,1.7,West,No
872,1150,26-05-2025,Beauty,196.18,50,10,2,West,No
873,1221,17-04-2025,Electronics,1735.87,5,11,4.4,East,No
874,1249,01-03-2025,Electronics,2488.73,50,9,3.4,North,No
875,1213,02-05-2025,Beauty,2924.38,5,5,4.6,East,No
876,1098,01-05-2025,Beauty,3517.82,0,3,2.2,South,No
877,1239,03-02-2025,Sports,1176.54,30,15,3.4,West,No
878,1082,09-06-2025,Beauty,4182.1,30,13,2.9,North,Yes
879,1251,26-01-2025,Books,2466.16,10,4,1.6,West,No
880,1133,02-04-2025,Home,1250.12,0,1,2.4,South,No
881,1116,31-01-2025,Sports,256.65,5,6,2.7,West,No
882,1285,10-03-2025,Home,4968.95,30,13,1.2,North,No
883,1056,28-01-2025,Books,347.07,50,13,2.8,North,No
884,1105,03-04-2025,Sports,305.65,5,3,3.5,East,No
885,1078,15-06-2025,Books,2263.44,50,12,4.5,South,No
886,1003,04-03-2025,Electronics,4258.12,50,7,4.1,West,No
887,1212,03-04-2025,Home,1505.12,10,2,2.1,South,No
888,1219,16-04-2025,Clothing,3790.71,40,13,1.9,West,No
889,1005,13-05-2025,Sports,3993.58,30,1,2.8,North,No
890,1018,19-06-2025,Home,1642.54,10,7,1.2,South,No
891,1283,19-03-2025,Sports,383.27,20,7,2.6,East,No
892,1075,29-06-2025,Home,138.72,20,15,3.1,South,No
893,1207,20-02-2025,Sports,3159.36,50,12,2.4,North,No
894,1064,14-05-2025,Electronics,2733.42,40,12,3.9,East,No
895,1081,06-01-2025,Clothing,554.82,20,9,2.4,East,Yes
896,1258,29-01-2025,Clothing,4177.92,20,12,2.7,East,No
897,1063,25-04-2025,Home,3172.25,30,2,1.2,North,No
898,1297,25-05-2025,Beauty,1761,15,13,4,South,No
899,1126,27-01-2025,Home,1566.09,10,12,2.5,South,No
900,1210,21-01-2025,Home,2326.12,10,12,2.7,West,Yes
901,1269,14-04-2025,Clothing,2433.64,50,2,2.5,West,No
902,1250,17-04-2025,Home,2963.09,40,8,3.8,South,No
903,1262,16-05-2025,Sports,722.91,50,3,4.9,South,Yes
904,1060,04-06-2025,Beauty,2419.44,10,9,2.5,North,No
905,1060,06-04-2025,Electronics,1910.97,20,1,3.1,East,No
906,1215,13-01-2025,Home,1540.51,0,13,1.6,East,No
907,1178,18-01-2025,Home,1156.35,50,1,1.5,West,No
908,1193,02-05-2025,Beauty,2907.99,50,15,2.4,South,No
909,1229,08-02-2025,Clothing,2573.34,50,13,2.8,East,No
910,1202,28-03-2025,Electronics,4019.08,40,7,1.9,West,No
911,1012,27-05-2025,Books,1459.14,5,14,1.7,East,No
912,1277,28-05-2025,Sports,3261.28,5,4,4.8,South,No
913,1272,16-02-2025,Beauty,2562.93,0,2,3.6,East,No
914,1164,13-04-2025,Clothing,1301.9,50,2,4.2,West,No
915,1270,23-03-2025,Electronics,1765.79,10,7,1.1,North,No
916,1130,23-01-2025,Electronics,4900.95,10,5,1.6,West,Yes
917,1029,18-03-2025,Books,929.04,30,3,1.1,East,No
918,1061,14-01-2025,Clothing,2122.83,30,5,2.5,South,Yes
919,1162,29-04-2025,Beauty,2592.24,40,2,2.1,North,No
920,1137,22-05-2025,Beauty,241.64,15,15,4.5,North,No
921,1228,22-01-2025,Clothing,3838.59,10,5,3.3,South,No
922,1216,23-05-2025,Clothing,1929.2,10,13,2,North,No
923,1000,16-01-2025,Beauty,4809.46,20,11,4.9,West,No
924,1108,30-05-2025,Home,3029.55,40,6,4.4,East,No
925,1062,05-02-2025,Electronics,890.94,5,5,1.4,East,No
926,1175,12-06-2025,Beauty,1133.17,30,15,3.7,West,No
927,1168,05-01-2025,Home,1305.05,30,6,1.8,South,No
928,1088,16-04-2025,Books,4619.06,50,1,4.6,West,No
929,1227,22-06-2025,Beauty,2736.84,5,9,1.1,West,Yes
930,1004,01-02-2025,Sports,1854.03,10,14,4.1,South,No
931,1183,19-02-2025,Beauty,145.88,0,13,2.1,East,Yes
932,1252,30-06-2025,Books,1183.62,50,6,1.1,South,No
933,1291,09-05-2025,Electronics,1060.83,40,2,4.5,South,No
934,1033,02-02-2025,Books,3720.19,10,2,3.4,South,No
935,1011,27-06-2025,Sports,3671.6,20,4,4.4,East,No
936,1026,24-03-2025,Books,2844.57,50,1,4.8,West,No
937,1022,27-02-2025,Home,696.42,50,8,2.4,West,Yes
938,1041,27-05-2025,Sports,2299.42,0,7,1.8,South,No
939,1084,26-03-2025,Books,2176.72,5,15,2,North,No
940,1171,06-03-2025,Electronics,2451.84,0,10,4.2,West,No
941,1121,19-01-2025,Clothing,4798.13,0,14,2.3,West,No
942,1017,07-04-2025,Electronics,3164.21,5,2,4.9,North,No
943,1221,17-01-2025,Clothing,403.81,50,1,2.2,North,Yes
944,1210,01-03-2025,Sports,355.8,40,7,1.4,North,No
945,1051,28-03-2025,Beauty,1981.21,40,15,3.5,North,No
946,1034,01-06-2025,Beauty,2634.34,15,2,1.4,South,No
947,1227,17-02-2025,Sports,717.31,20,6,2.7,North,No
948,1183,21-03-2025,Electronics,725.64,40,9,4.8,South,No
949,1004,13-05-2025,Clothing,2400.67,30,5,2.5,South,No
950,1102,13-06-2025,Electronics,1263.2,0,7,2.4,North,No
951,1239,03-06-2025,Home,1027.84,50,12,3.8,East,No
952,1021,07-05-2025,Sports,1568.19,30,3,1.4,North,Yes
953,1122,04-05-2025,Books,1192.82,15,8,3.5,East,No
954,1003,03-04-2025,Books,1941.97,40,3,4.3,East,Yes
955,1299,03-04-2025,Electronics,2817.99,10,5,2.8,North,Yes
956,1089,28-03-2025,Clothing,1069.34,10,4,4.5,South,No
957,1051,06-01-2025,Clothing,1060.34,10,14,2,South,No
958,1156,27-04-2025,Beauty,3308.86,5,6,4.7,East,No
959,1060,06-02-2025,Books,939.66,40,15,3.8,South,No
960,1219,12-06-2025,Clothing,1039.24,40,12,2.5,North,Yes
961,1126,14-01-2025,Sports,2977.9,20,13,1.6,East,No
962,1240,19-06-2025,Clothing,4272.36,50,4,3.9,South,No
963,1091,24-03-2025,Sports,2001.77,30,8,3.1,West,No
964,1298,16-06-2025,Books,4783.18,50,5,3.3,South,Yes
965,1217,07-04-2025,Clothing,2315.19,15,7,1.9,East,No
966,1227,13-05-2025,Home,2797.7,10,13,1.3,North,No
967,1221,15-04-2025,Beauty,2610.08,30,7,2.8,West,No
968,1135,15-06-2025,Home,1437.8,0,3,2.8,North,Yes
969,1116,26-01-2025,Home,4228.76,5,13,2.1,East,Yes
970,1128,19-03-2025,Electronics,2775.53,30,4,3.7,East,No
971,1278,08-03-2025,Clothing,3557.65,10,14,4,East,Yes
972,1006,01-05-2025,Home,4129.31,40,7,4.3,South,No
973,1300,22-05-2025,Beauty,1215.13,15,8,1.9,West,No
974,1213,23-02-2025,Home,3980.38,30,14,1.8,North,No
975,1004,08-05-2025,Home,780.86,10,5,4.8,East,No
976,1275,18-03-2025,Home,1204.9,40,11,4,North,No
977,1169,26-05-2025,Sports,3948.25,10,3,4.9,West,No
978,1096,02-05-2025,Beauty,1100.6,40,2,3.1,West,Yes
979,1283,15-02-2025,Books,4484.24,5,3,1.4,West,Yes
980,1145,22-02-2025,Electronics,1014.79,5,15,4.9,North,No
981,1210,11-04-2025,Beauty,381.52,0,3,2.3,North,Yes
982,1105,03-02-2025,Clothing,2728.62,50,12,1.3,East,No
983,1158,31-05-2025,Beauty,4107.69,50,3,3.4,West,No
984,1204,04-06-2025,Home,1088.34,10,8,1.3,East,No
985,1046,15-03-2025,Sports,4408.27,50,8,3.3,West,No
986,1089,17-04-2025,Home,3531.55,20,7,3.5,West,No
987,1201,28-06-2025,Beauty,1984.86,10,12,3.3,South,No
988,1111,07-05-2025,Clothing,1441.5,20,11,4.7,North,No
989,1166,15-04-2025,Home,475.01,5,9,4.1,East,No
990,1236,08-04-2025,Clothing,2579.72,50,1,1.3,West,No
991,1069,25-03-2025,Clothing,2043.7,0,5,1.5,West,No
992,1224,05-02-2025,Beauty,2360.65,5,9,3.6,East,No
993,1150,01-02-2025,Clothing,935.89,0,10,1.4,West,No
994,1225,02-04-2025,Clothing,480.17,0,11,2.1,North,Yes
995,1267,14-06-2025,Books,2708.26,50,12,1.2,North,No
996,1024,07-04-2025,Beauty,3482.7,50,1,3.4,South,No
997,1014,04-01-2025,Home,4552.91,15,2,1.1,South,No
998,1085,12-02-2025,Books,3377.85,15,15,1.4,North,Yes
999,1277,12-04-2025,Home,1681.13,15,10,1.8,North,No
1000,1205,17-06-2025,Clothing,1147.52,30,6,1.7,West,No
